{
 "teams": [
  "AFC Bournemouth",
  "Arsenal",
  "Aston Villa",
  "Birmingham City",
  "Blackburn Rovers",
  "Brentford",
  "Brighton & Hove Albion",
  "Bristol City",
  "Burnley",
  "Cardiff City",
  "Charlton Athletic",
  "Chelsea",
  "Coventry City",
  "Crystal Palace",
  "Derby County",
  "Everton",
  "Fulham",
  "Huddersfield",
  "Hull City",
  "Ipswich Town",
  "Leeds United",
  "Leicester City",
  "Liverpool",
  "Luton Town",
  "Manchester City",
  "Manchester United",
  "Middlesbrough",
  "Millwall",
  "Newcastle United",
  "Norwich City",
  "Nottingham Forest",
  "Oxford United",
  "Plymouth Argyle",
  "Portsmouth",
  "Preston North End",
  "Queens Park Rangers",
  "Sheffield United",
  "Sheffield Wednesday",
  "Southampton",
  "Stoke City",
  "Sunderland",
  "Swansea City",
  "Tottenham Hotspur",
  "Watford",
  "West Bromwich Albion",
  "West Ham United",
  "Wolverhampton Wanderers",
  "Wrexham"
 ],
 "attack": {
  "AFC Bournemouth": 0.37765927698104995,
  "Arsenal": 0.6248007697017272,
  "Aston Villa": 0.42649100410397045,
  "Birmingham City": -0.24988885172655487,
  "Blackburn Rovers": -0.4667826297032124,
  "Brentford": 0.4168460659979644,
  "Brighton & Hove Albion": 0.3781453214005851,
  "Bristol City": -0.2093982670617873,
  "Burnley": 0.0012738917111507324,
  "Cardiff City": -0.385463182343961,
  "Charlton Athletic": -0.500274023820311,
  "Chelsea": 0.44941901322040967,
  "Coventry City": 0.1625376130160937,
  "Crystal Palace": 0.19786841387164045,
  "Derby County": -0.1790133243588779,
  "Everton": 0.1408361277031921,
  "Fulham": 0.25821039110035765,
  "Huddersfield": -0.5699797401984227,
  "Hull City": -0.17776886893125193,
  "Ipswich Town": 0.06740937277357562,
  "Leeds United": 0.27532106984815896,
  "Leicester City": -0.13546417106850145,
  "Liverpool": 0.6520081303463952,
  "Luton Town": -0.22460331451001728,
  "Manchester City": 0.7253875327806056,
  "Manchester United": 0.45031673908764575,
  "Middlesbrough": -0.05032201633946844,
  "Millwall": -0.2024291070098165,
  "Newcastle United": 0.47979867266307996,
  "Norwich City": -0.09814500572255391,
  "Nottingham Forest": 0.29917199632118063,
  "Oxford United": -0.440826925856591,
  "Plymouth Argyle": -0.3019002570497346,
  "Portsmouth": -0.30210884205061345,
  "Preston North End": -0.31094749099622365,
  "Queens Park Rangers": -0.1945730230910471,
  "Sheffield United": -0.09915061113091378,
  "Sheffield Wednesday": -0.5896313300875088,
  "Southampton": 0.06031261427979584,
  "Stoke City": -0.3975745244572993,
  "Sunderland": -0.05270125228101782,
  "Swansea City": -0.25373050735485775,
  "Tottenham Hotspur": 0.3984116134951848,
  "Watford": -0.3266704519463149,
  "West Bromwich Albion": -0.3378232709407787,
  "West Ham United": 0.24653220584340735,
  "Wolverhampton Wanderers": -0.004457640646260105,
  "Wrexham": -0.027129205563273265
 },
 "defense": {
  "AFC Bournemouth": -0.24879565655053024,
  "Arsenal": -0.7696696762525701,
  "Aston Villa": -0.2987898385211768,
  "Birmingham City": 0.1346946722714219,
  "Blackburn Rovers": 0.07291991380201653,
  "Brentford": -0.2421962318228944,
  "Brighton & Hove Albion": -0.28651682521599486,
  "Bristol City": 0.1802627973442431,
  "Burnley": -0.10183739735038314,
  "Cardiff City": 0.3888332500716531,
  "Charlton Athletic": 0.17677922515273076,
  "Chelsea": -0.3121894322707738,
  "Coventry City": 0.028241130234682145,
  "Crystal Palace": -0.278618646255106,
  "Derby County": 0.15944418635888274,
  "Everton": -0.342587232503387,
  "Fulham": -0.2750467648556927,
  "Huddersfield": 0.0830322847223747,
  "Hull City": 0.2281562571457539,
  "Ipswich Town": 0.07220843106408298,
  "Leeds United": -0.22510467661163547,
  "Leicester City": 0.18693805334148128,
  "Liverpool": -0.36706489417379395,
  "Luton Town": 0.2741094684823509,
  "Manchester City": -0.631786197354714,
  "Manchester United": -0.3022522827825066,
  "Middlesbrough": 0.0467233351429856,
  "Millwall": -0.012863575141461072,
  "Newcastle United": -0.25589761976108377,
  "Norwich City": 0.20766858151637646,
  "Nottingham Forest": -0.2831763428424538,
  "Oxford United": 0.21269950172028892,
  "Plymouth Argyle": 0.5744210317749713,
  "Portsmouth": 0.30357628603898623,
  "Preston North End": 0.24818324353146015,
  "Queens Park Rangers": 0.3687000557878234,
  "Sheffield United": 0.18840862453491575,
  "Sheffield Wednesday": 0.5070333164451718,
  "Southampton": 0.14115870152362703,
  "Stoke City": 0.2045156988362694,
  "Sunderland": -0.2835740890182129,
  "Swansea City": 0.1715471290174009,
  "Tottenham Hotspur": -0.14279925095749796,
  "Watford": 0.26762951382074307,
  "West Bromwich Albion": 0.10776703530515207,
  "West Ham United": -0.10283904704038561,
  "Wolverhampton Wanderers": -0.08553158554094498,
  "Wrexham": 0.31348553783535327
 },
 "home_adv": 0.19393962248043156,
 "rho": -0.06583331536552806,
 "base": 0.15154910961781834,
 "fitted_at": "2026-05-25",
 "meta": {
  "n_matches": 5284,
  "xi": 0.0017773004629742187,
  "converged": true
 }
}